Model,MSE,MAE,R2,Training Time rf3 (min)
Random Forest Regressor Poly,44787424.63378328,2831.3170749908427,0.9141132963376889,72.23602039813996
